{
  "histories": {
    "SGD lr=1e-2 bs=64": {
      "train_loss": [
        1.2835493465423584,
        0.6650538095474243,
        0.5504918775558472,
        0.5018371402740478,
        0.4603198926925659
      ],
      "train_acc": [
        0.5654,
        0.7557,
        0.8025,
        0.8181,
        0.835
      ],
      "test_loss": [
        0.7982948684692383,
        0.5822913374900818,
        0.4924547235965729,
        0.5020898823738098,
        0.49258856630325315
      ],
      "test_acc": [
        0.695,
        0.793,
        0.833,
        0.8225,
        0.8285
      ],
      "grad_norm": [
        2.740761326115792,
        3.322926720189061,
        3.0682672614552033,
        3.0254161156191945,
        2.8754407911069073
      ]
    },
    "SGD lr=1e-3 bs=64": {
      "train_loss": [
        2.192385152435303,
        1.7852892807006835,
        1.3051753742218017,
        1.0532404541015625,
        0.9202259481430054
      ],
      "train_acc": [
        0.2907,
        0.5382,
        0.6112,
        0.6396,
        0.6656
      ],
      "test_loss": [
        2.0457771911621094,
        1.5137667360305787,
        1.154741415977478,
        0.9793710947036743,
        0.8816650824546814
      ],
      "test_acc": [
        0.4635,
        0.5925,
        0.617,
        0.652,
        0.6545
      ],
      "grad_norm": [
        1.2017838833082444,
        1.8542484135669508,
        2.113059068241032,
        2.4242550878767757,
        2.553290618666608
      ]
    },
    "Adam lr=1e-3 bs=64": {
      "train_loss": [
        0.8052017627716065,
        0.5048916555404663,
        0.4370014533042908,
        0.39456341600418093,
        0.3667921286582947
      ],
      "train_acc": [
        0.7072,
        0.8208,
        0.8402,
        0.8574,
        0.8634
      ],
      "test_loss": [
        0.5517781653404236,
        0.5000186319351196,
        0.44338775777816775,
        0.428519615650177,
        0.4028889122009277
      ],
      "test_acc": [
        0.803,
        0.8325,
        0.8405,
        0.846,
        0.8535
      ],
      "grad_norm": [
        4.044521498369279,
        3.2392923011901273,
        2.8132417859853645,
        2.6762853206556505,
        2.497097606824082
      ]
    },
    "Adam+Dropout lr=1e-3 bs=128": {
      "train_loss": [
        0.9711772485256195,
        0.5800095092773437,
        0.5033262375831604,
        0.44821542530059816,
        0.4219056659936905
      ],
      "train_acc": [
        0.6578,
        0.7861,
        0.814,
        0.8361,
        0.8486
      ],
      "test_loss": [
        0.6085030388832092,
        0.5363167023658753,
        0.44959283566474917,
        0.442456791639328,
        0.4121728911399841
      ],
      "test_acc": [
        0.7685,
        0.813,
        0.85,
        0.851,
        0.854
      ],
      "grad_norm": [
        3.2978245584364934,
        3.061699597212144,
        2.4176744710701175,
        2.1978858586730836,
        2.162192322596719
      ]
    }
  },
  "summary": [
    {
      "config": "SGD lr=1e-2 bs=64",
      "accuracy": 0.8285,
      "loss": 0.49258856630325315
    },
    {
      "config": "SGD lr=1e-3 bs=64",
      "accuracy": 0.6545,
      "loss": 0.8816650824546814
    },
    {
      "config": "Adam lr=1e-3 bs=64",
      "accuracy": 0.8535,
      "loss": 0.4028889122009277
    },
    {
      "config": "Adam+Dropout lr=1e-3 bs=128",
      "accuracy": 0.854,
      "loss": 0.4121728911399841
    }
  ],
  "confusion": [
    [
      173,
      3,
      4,
      7,
      1,
      0,
      11,
      0,
      1,
      0
    ],
    [
      1,
      195,
      0,
      7,
      0,
      0,
      0,
      0,
      0,
      0
    ],
    [
      3,
      1,
      162,
      2,
      37,
      0,
      9,
      0,
      0,
      0
    ],
    [
      9,
      4,
      1,
      159,
      8,
      1,
      8,
      0,
      0,
      0
    ],
    [
      0,
      0,
      20,
      4,
      186,
      0,
      8,
      0,
      1,
      0
    ],
    [
      0,
      0,
      0,
      0,
      0,
      186,
      0,
      5,
      0,
      4
    ],
    [
      39,
      0,
      16,
      4,
      29,
      0,
      107,
      0,
      2,
      0
    ],
    [
      0,
      0,
      0,
      0,
      0,
      9,
      0,
      173,
      0,
      18
    ],
    [
      1,
      1,
      0,
      1,
      1,
      1,
      3,
      0,
      186,
      0
    ],
    [
      0,
      0,
      0,
      0,
      0,
      1,
      0,
      6,
      0,
      181
    ]
  ],
  "classes": [
    "T-shirt",
    "Trouser",
    "Pullover",
    "Dress",
    "Coat",
    "Sandal",
    "Shirt",
    "Sneaker",
    "Bag",
    "Ankle boot"
  ]
}