{
  "vectorization": [
    {
      "n": 64,
      "vectorized_s": 0.0010014001745730639,
      "loop_scaled_s": 0.013440199894830585,
      "speedup": 13.421407581200661
    },
    {
      "n": 128,
      "vectorized_s": 0.004313500132411718,
      "loop_scaled_s": 0.06287499982863665,
      "speedup": 14.57632963917
    },
    {
      "n": 256,
      "vectorized_s": 0.01125249988399446,
      "loop_scaled_s": 0.3187563996762037,
      "speedup": 28.327607461663018
    },
    {
      "n": 512,
      "vectorized_s": 0.05106600001454353,
      "loop_scaled_s": 1.0204799994826317,
      "speedup": 19.983550683272632
    }
  ],
  "broadcast_input_shape": [
    [
      3,
      4
    ],
    [
      4
    ]
  ],
  "broadcast_output": [
    [
      0.5,
      2.0,
      1.0,
      5.0
    ],
    [
      4.5,
      6.0,
      5.0,
      9.0
    ],
    [
      8.5,
      10.0,
      9.0,
      13.0
    ]
  ],
  "distance_stats": {
    "min": 0.0,
    "max": 33.439740995952036,
    "mean": 3.7792532578282905
  }
}