{
  "histories": {
    "CNN": {
      "train_loss": [
        1.7983252223968507,
        1.3905658504486085,
        1.1879747926712036,
        1.0067553340911866,
        0.8825187100410461,
        0.730875996875763
      ],
      "train_acc": [
        0.3414,
        0.4865,
        0.5669,
        0.6388,
        0.6858,
        0.7449
      ],
      "test_loss": [
        1.5668892917633057,
        1.3282441072463989,
        1.2334847888946534,
        1.179807126045227,
        1.0946439266204835,
        1.0380186233520508
      ],
      "test_acc": [
        0.4295,
        0.5145,
        0.5565,
        0.6005,
        0.6255,
        0.642
      ],
      "grad_norm": [
        5.071285281130778,
        6.774451559072449,
        7.2989991194258135,
        7.142153233644509,
        7.654375016653821,
        7.684469046088911
      ]
    },
    "CNN+BN+Aug": {
      "train_loss": [
        1.822449226951599,
        1.5303442836761474,
        1.4223278747558594,
        1.3095467826843261,
        1.2434441213607788,
        1.1869225070953369
      ],
      "train_acc": [
        0.3276,
        0.431,
        0.4863,
        0.5236,
        0.5447,
        0.5715
      ],
      "test_loss": [
        1.6021226320266724,
        1.5578002586364745,
        1.3662416248321534,
        1.2596164360046387,
        1.2585227184295655,
        1.1128784370422364
      ],
      "test_acc": [
        0.3925,
        0.4225,
        0.501,
        0.549,
        0.5585,
        0.588
      ],
      "grad_norm": [
        5.759457684878167,
        6.422779710018415,
        7.055393185318157,
        7.022492037876057,
        7.714555723116407,
        7.888962121684786
      ]
    },
    "ResNet18 transfer": {
      "train_loss": [
        1.5001596384048461,
        0.8815174161593119,
        0.758745360215505,
        0.6983522585233053
      ],
      "train_acc": [
        0.49566666666666664,
        0.7126666666666667,
        0.7513333333333333,
        0.776
      ],
      "test_loss": [
        1.0780662407875061,
        0.9528839588165283,
        0.9149176654815674,
        0.9205084061622619
      ],
      "test_acc": [
        0.65,
        0.667,
        0.694,
        0.684
      ],
      "grad_norm": [
        3.966327602558948,
        2.890518785632671,
        2.7409529000362185,
        2.6328205227693346
      ]
    }
  },
  "summary": [
    {
      "model": "CNN",
      "accuracy": 0.642,
      "loss": 1.0380186233520508
    },
    {
      "model": "CNN+BN+Aug",
      "accuracy": 0.588,
      "loss": 1.1128784370422364
    },
    {
      "model": "ResNet18 transfer",
      "accuracy": 0.684,
      "loss": 0.9205084061622619
    }
  ],
  "best_model": "CNN",
  "confusion": [
    [
      131,
      2,
      11,
      8,
      7,
      2,
      3,
      4,
      20,
      8
    ],
    [
      1,
      153,
      1,
      3,
      1,
      4,
      1,
      1,
      9,
      24
    ],
    [
      25,
      0,
      87,
      23,
      27,
      21,
      5,
      3,
      3,
      1
    ],
    [
      2,
      0,
      15,
      103,
      10,
      48,
      8,
      6,
      2,
      5
    ],
    [
      3,
      2,
      23,
      27,
      100,
      17,
      8,
      15,
      2,
      1
    ],
    [
      0,
      1,
      7,
      38,
      7,
      116,
      3,
      8,
      5,
      0
    ],
    [
      1,
      0,
      9,
      42,
      8,
      13,
      142,
      0,
      0,
      1
    ],
    [
      1,
      0,
      6,
      14,
      18,
      24,
      0,
      127,
      2,
      1
    ],
    [
      16,
      7,
      1,
      6,
      1,
      0,
      1,
      2,
      180,
      3
    ],
    [
      2,
      25,
      2,
      10,
      0,
      2,
      4,
      2,
      11,
      145
    ]
  ],
  "per_class": [
    {
      "class": "plane",
      "accuracy": 0.6683673469387755
    },
    {
      "class": "car",
      "accuracy": 0.7727272727272727
    },
    {
      "class": "bird",
      "accuracy": 0.4461538461538462
    },
    {
      "class": "cat",
      "accuracy": 0.5175879396984925
    },
    {
      "class": "deer",
      "accuracy": 0.5050505050505051
    },
    {
      "class": "dog",
      "accuracy": 0.6270270270270271
    },
    {
      "class": "frog",
      "accuracy": 0.6574074074074074
    },
    {
      "class": "horse",
      "accuracy": 0.6580310880829016
    },
    {
      "class": "ship",
      "accuracy": 0.8294930875576036
    },
    {
      "class": "truck",
      "accuracy": 0.7142857142857143
    }
  ],
  "classes": [
    "plane",
    "car",
    "bird",
    "cat",
    "deer",
    "dog",
    "frog",
    "horse",
    "ship",
    "truck"
  ]
}